<?xml version="1.0" encoding="UTF-8"?>
<packageBody xmlns:xsi="http://www.w3.org/2001/XMLSchema-instance" xmlns="http://www.vignette.com/xmlschemas/importexport" xsi:schemaLocation="http://www.vignette.com/xmlschemas/importexport 16220/packageBody.xsd">
    <importProject>
        <group name="VGNGRP_1" />
        <project vcmId="4f28ac6cb216d710VgnVCM100000819da8c0PROJ">
            <name>Turing</name>
            <description></description>
            <projectPath>/System/AppSvcs/ObjectTypes/ContentType/Turing</projectPath>
            <capabilityMask>
                <entry name="ObjectCreator" type="user">
                    <grants>
                        <capability application="VCM" name="SECURITY_WRITE" />
                        <capability application="VCM" name="STATIC_FILE_READ" />
                        <capability application="VCM" name="MODIFY" />
                        <capability application="VCM" name="MODIFY_TAX_ASSOCS" />
                        <capability application="VCM" name="DEPLOY_AND_UNDEPLOY" />
                        <capability application="VCM" name="READ" />
                        <capability application="VCM" name="MODIFY_ACL" />
                        <capability application="VCM" name="PROJECT_READ" />
                        <capability application="VCM" name="SECURITY_READ" />
                        <capability application="VCM" name="IMPORT_WF_DEFINITION" />
                        <capability application="VCM" name="MANAGE_WF_PROCESS" />
                        <capability application="VCM" name="STATIC_FILE_DELETE" />
                        <capability application="VCM" name="DELETE" />
                        <capability application="VCM" name="PROJECT_WRITE" />
                        <capability application="VCM" name="PROJECT_DELETE" />
                        <capability application="VCM" name="STATIC_FILE_WRITE" />
                        <capability application="VCM" name="PROMOTE_AND_DEMOTE" />
                        <capability application="VCM" name="WORKFLOW_DEF_READ" />
                    </grants>
                </entry>
            </capabilityMask>
            <acl>
                <entry name="VgnAllUsersGroup" type="group">
                    <grants>
                        <capability application="VCM" name="ADD" />
                        <capability application="VCM" name="PROJECT_READ" />
                    </grants>
                </entry>
                <entry name="vgnadmin@otds.admin" type="user">
                    <grants>
                        <capability application="VCM" name="SECURITY_WRITE" />
                        <capability application="VCM" name="DELETE" />
                        <capability application="VCM" name="MODIFY" />
                        <capability application="VCM" name="PROJECT_WRITE" />
                        <capability application="VCM" name="PROJECT_DELETE" />
                        <capability application="VCM" name="MODIFY_ACL" />
                        <capability application="VCM" name="PROJECT_READ" />
                        <capability application="VCM" name="SECURITY_READ" />
                        <capability application="VCM" name="ADD" />
                        <capability application="VCM" name="WORKFLOW_DEF_READ" />
                    </grants>
                </entry>
            </acl>
        </project>
    </importProject>
    <importContentType>
        <group name="VGNGRP_1" />
        <contentType mgmtId="0fe9ac6cb216d710VgnVCM100000819da8c0____" vcmId="eee9ac6cb216d710VgnVCM100000819da8c0RCRD" vcmStatus="unapproved" vcmLogicalPath="/Turing" vcmName="Turing Spotlight">
            <name>TUR_SPOTLIGHT</name>
            <displayName>Turing Spotlight</displayName>
            <description></description>
            <iconPath></iconPath>
            <defaultLogicalPath></defaultLogicalPath>
            <siteAffinity>false</siteAffinity>
            <workflowCreateId></workflowCreateId>
            <workflowEditId></workflowEditId>
            <javaClassName></javaClassName>
            <eligibilitiesClassName></eligibilitiesClassName>
            <dataSourceLabel>AppSvcs Resource</dataSourceLabel>
            <userApplURL></userApplURL>
            <editorStyle>v8</editorStyle>
            <smallIconPath></smallIconPath>
            <largeIconPath></largeIconPath>
            <defaultThumbnailPath></defaultThumbnailPath>
            <wrapperSpec></wrapperSpec>
            <multilingual>false</multilingual>
            <mlInstanceDefault>false</mlInstanceDefault>
            <mlSetFolder></mlSetFolder>
            <mlCustomFolderClassName></mlCustomFolderClassName>
            <mlShareCategories>false</mlShareCategories>
            <mlShareChannels>false</mlShareChannels>
            <mlShareSchedules>false</mlShareSchedules>
            <workflowTranslateId></workflowTranslateId>
            <targetable>false</targetable>
            <persistenceTypeValue>0</persistenceTypeValue>
            <attribute name="vign-viewer-xslt">
                <valueString isNull="true"></valueString>
            </attribute>
            <relation mgmtId="1fe9ac6cb216d710VgnVCM100000819da8c0____">
                <parentRelation></parentRelation>
                <name>WEMSYS-TUR-SPOTLIGHT</name>
                <displayName>WEMSYS-TUR-SPOTLIGHT</displayName>
                <minimum>0</minimum>
                <maximum>-1</maximum>
                <beanPropertyName>WEMSYS_TUR_SPOTLIGHT</beanPropertyName>
                <suppressBeanProperty>false</suppressBeanProperty>
                <attributeDefinition mgmtId="4fe9ac6cb216d710VgnVCM100000819da8c0____">
                    <name>ID-TUR-SPOTLIGHT</name>
                    <displayName>ID</displayName>
                    <columnSource>TUR_SPOTLIGHT.ID</columnSource>
                    <comment></comment>
                    <helpText></helpText>
                    <language></language>
                    <ordering>1</ordering>
                    <extensibleOrdinal>-1</extensibleOrdinal>
                    <dataTypeValue>1</dataTypeValue>
                    <required>true</required>
                    <autoGen>true</autoGen>
                    <workflowRequired>true</workflowRequired>
                    <key>true</key>
                    <searchable>false</searchable>
                    <summary>false</summary>
                    <visible>false</visible>
                    <defaultLabel>false</defaultLabel>
                    <orderBy>false</orderBy>
                    <attributeTypeValue>3</attributeTypeValue>
                    <widgetName>VCMGUIDWidget</widgetName>
                    <widgetData></widgetData>
                    <referencedAttributeDefinitionName></referencedAttributeDefinitionName>
                    <beanPropertyName>ID_TUR_SPOTLIGHT</beanPropertyName>
                    <suppressBeanProperty>false</suppressBeanProperty>
                    <groupSplit>false</groupSplit>
                    <groupName></groupName>
                    <toolTip></toolTip>
                    <filterable>false</filterable>
                    <sharable>false</sharable>
                    <translatable>false</translatable>
                    <metaKey></metaKey>
                    <persistenceTypeValue>0</persistenceTypeValue>
                </attributeDefinition>
                <attributeDefinition mgmtId="2fe9ac6cb216d710VgnVCM100000819da8c0____">
                    <name>NAME-TUR-SPOTLIGHT</name>
                    <displayName>NAME</displayName>
                    <columnSource>TUR_SPOTLIGHT.NAME</columnSource>
                    <comment></comment>
                    <helpText></helpText>
                    <language></language>
                    <ordering>2</ordering>
                    <extensibleOrdinal>-1</extensibleOrdinal>
                    <dataTypeValue>1</dataTypeValue>
                    <required>true</required>
                    <autoGen>false</autoGen>
                    <workflowRequired>true</workflowRequired>
                    <key>false</key>
                    <searchable>false</searchable>
                    <summary>false</summary>
                    <visible>false</visible>
                    <defaultLabel>true</defaultLabel>
                    <orderBy>false</orderBy>
                    <attributeTypeValue>3</attributeTypeValue>
                    <widgetName>VCMTextWidget</widgetName>
                    <widgetData>
                        <![CDATA[
    <size>50</size>
    <maxlength>50</maxlength>
    <defaultValue><![CDATA[]]>
                        ]]
                        <![CDATA[></defaultValue>
]]>
                    </widgetData>
                    <referencedAttributeDefinitionName></referencedAttributeDefinitionName>
                    <beanPropertyName>NAME_TUR_SPOTLIGHT</beanPropertyName>
                    <suppressBeanProperty>false</suppressBeanProperty>
                    <groupSplit>false</groupSplit>
                    <groupName></groupName>
                    <toolTip></toolTip>
                    <filterable>false</filterable>
                    <sharable>false</sharable>
                    <translatable>false</translatable>
                    <metaKey></metaKey>
                    <persistenceTypeValue>0</persistenceTypeValue>
                </attributeDefinition>
                <attributeDefinition mgmtId="3fe9ac6cb216d710VgnVCM100000819da8c0____">
                    <name>TERMS-TUR-SPOTLIGHT</name>
                    <displayName>TERMS</displayName>
                    <columnSource>TUR_SPOTLIGHT.TERMS</columnSource>
                    <comment></comment>
                    <helpText></helpText>
                    <language></language>
                    <ordering>3</ordering>
                    <extensibleOrdinal>-1</extensibleOrdinal>
                    <dataTypeValue>1</dataTypeValue>
                    <required>true</required>
                    <autoGen>false</autoGen>
                    <workflowRequired>true</workflowRequired>
                    <key>false</key>
                    <searchable>false</searchable>
                    <summary>false</summary>
                    <visible>false</visible>
                    <defaultLabel>false</defaultLabel>
                    <orderBy>false</orderBy>
                    <attributeTypeValue>3</attributeTypeValue>
                    <widgetName>VCMTextWidget</widgetName>
                    <widgetData>
                        <![CDATA[
    <size>100</size>
    <maxlength>100</maxlength>
    <defaultValue><![CDATA[]]>
                        ]]
                        <![CDATA[></defaultValue>
]]>
                    </widgetData>
                    <referencedAttributeDefinitionName></referencedAttributeDefinitionName>
                    <beanPropertyName>TERMS_TUR_SPOTLIGHT</beanPropertyName>
                    <suppressBeanProperty>false</suppressBeanProperty>
                    <groupSplit>false</groupSplit>
                    <groupName></groupName>
                    <toolTip></toolTip>
                    <filterable>false</filterable>
                    <sharable>false</sharable>
                    <translatable>false</translatable>
                    <metaKey></metaKey>
                    <persistenceTypeValue>0</persistenceTypeValue>
                </attributeDefinition>
            </relation>
            <relation mgmtId="424aac6cb216d710VgnVCM100000819da8c0____">
                <parentRelation>WEMSYS-TUR-SPOTLIGHT</parentRelation>
                <name>WEMSYS-TUR-SPOTLIGHT-CONTENT</name>
                <displayName>WEMSYS-TUR-SPOTLIGHT-CONTENT</displayName>
                <minimum>1</minimum>
                <maximum>-1</maximum>
                <beanPropertyName>WEMSYS_TUR_SPOTLIGHT_CONTENT</beanPropertyName>
                <suppressBeanProperty>false</suppressBeanProperty>
                <attributeDefinition mgmtId="e14aac6cb216d710VgnVCM100000819da8c0____">
                    <name>ID-TUR-SPOTLIGHT-CONTENT</name>
                    <displayName>ID</displayName>
                    <columnSource>TUR_SPOTLIGHT_CONTENT.ID</columnSource>
                    <comment></comment>
                    <helpText></helpText>
                    <language></language>
                    <ordering>4</ordering>
                    <extensibleOrdinal>-1</extensibleOrdinal>
                    <dataTypeValue>1</dataTypeValue>
                    <required>true</required>
                    <autoGen>true</autoGen>
                    <workflowRequired>true</workflowRequired>
                    <key>true</key>
                    <searchable>false</searchable>
                    <summary>false</summary>
                    <visible>false</visible>
                    <defaultLabel>false</defaultLabel>
                    <orderBy>false</orderBy>
                    <attributeTypeValue>3</attributeTypeValue>
                    <widgetName>VCMGUIDWidget</widgetName>
                    <widgetData></widgetData>
                    <referencedAttributeDefinitionName></referencedAttributeDefinitionName>
                    <beanPropertyName>ID_TUR_SPOTLIGHT_CONTENT</beanPropertyName>
                    <suppressBeanProperty>false</suppressBeanProperty>
                    <groupSplit>false</groupSplit>
                    <groupName></groupName>
                    <toolTip></toolTip>
                    <filterable>false</filterable>
                    <sharable>false</sharable>
                    <translatable>false</translatable>
                    <metaKey></metaKey>
                    <persistenceTypeValue>0</persistenceTypeValue>
                </attributeDefinition>
                <attributeDefinition mgmtId="024aac6cb216d710VgnVCM100000819da8c0____">
                    <name>SPOTLIGHT-ID-TUR-SPOTLIGHT-CONTENT</name>
                    <displayName>Contents</displayName>
                    <columnSource>TUR_SPOTLIGHT_CONTENT.SPOTLIGHT_ID</columnSource>
                    <comment></comment>
                    <helpText></helpText>
                    <language></language>
                    <ordering>5</ordering>
                    <extensibleOrdinal>-1</extensibleOrdinal>
                    <dataTypeValue>1</dataTypeValue>
                    <required>false</required>
                    <autoGen>false</autoGen>
                    <workflowRequired>false</workflowRequired>
                    <key>false</key>
                    <searchable>false</searchable>
                    <summary>false</summary>
                    <visible>false</visible>
                    <defaultLabel>false</defaultLabel>
                    <orderBy>false</orderBy>
                    <attributeTypeValue>3</attributeTypeValue>
                    <widgetName>WCMRelatorWidget</widgetName>
                    <widgetData>
                        <![CDATA[
    <reference>TUR_SPOTLIGHT.ID</reference>
    <miscValue><![CDATA[]]>
                        ]]
                        <![CDATA[></miscValue>
    <viewTranslatorClass>com.vignette.wcm.widgets.translator.RelatorKeyTranslatorImpl</viewTranslatorClass>
    <authGroupsRW/>
    <authGroupsHidden/>
    <sortType>manual</sortType>
    <orderingColumn>TUR_SPOTLIGHT_CONTENT.SEQUENCE_NUM</orderingColumn>
    <maxEntries/>
    <authGroupsRO/>
    <nested>true</nested>
    <minEntries>1</minEntries>
]]>
                    </widgetData>
                    <referencedAttributeDefinitionName>ID-TUR-SPOTLIGHT</referencedAttributeDefinitionName>
                    <beanPropertyName>SPOTLIGHT_ID_TUR_SPOTLIGHT_CONTENT</beanPropertyName>
                    <suppressBeanProperty>false</suppressBeanProperty>
                    <groupSplit>false</groupSplit>
                    <groupName></groupName>
                    <toolTip></toolTip>
                    <filterable>false</filterable>
                    <sharable>false</sharable>
                    <translatable>false</translatable>
                    <metaKey></metaKey>
                    <persistenceTypeValue>0</persistenceTypeValue>
                </attributeDefinition>
                <attributeDefinition mgmtId="613bac6cb216d710VgnVCM100000819da8c0____">
                    <name>POSITION-TUR-SPOTLIGHT-CONTENT</name>
                    <displayName>POSITION</displayName>
                    <columnSource>TUR_SPOTLIGHT_CONTENT.POSITION</columnSource>
                    <comment></comment>
                    <helpText></helpText>
                    <language></language>
                    <ordering>6</ordering>
                    <extensibleOrdinal>-1</extensibleOrdinal>
                    <dataTypeValue>3</dataTypeValue>
                    <required>false</required>
                    <autoGen>false</autoGen>
                    <workflowRequired>false</workflowRequired>
                    <key>false</key>
                    <searchable>false</searchable>
                    <summary>true</summary>
                    <visible>true</visible>
                    <defaultLabel>false</defaultLabel>
                    <orderBy>false</orderBy>
                    <attributeTypeValue>3</attributeTypeValue>
                    <widgetName>VCMTextWidget</widgetName>
                    <widgetData>
                        <![CDATA[<defaultValue><![CDATA[]]>
                        ]]
                        <![CDATA[></defaultValue>
<size/>
<maxlength/>
]]>
                    </widgetData>
                    <referencedAttributeDefinitionName></referencedAttributeDefinitionName>
                    <beanPropertyName>POSITION_TUR_SPOTLIGHT_CONTENT</beanPropertyName>
                    <suppressBeanProperty>false</suppressBeanProperty>
                    <groupSplit>false</groupSplit>
                    <groupName></groupName>
                    <toolTip></toolTip>
                    <filterable>false</filterable>
                    <sharable>false</sharable>
                    <translatable>false</translatable>
                    <metaKey></metaKey>
                    <persistenceTypeValue>0</persistenceTypeValue>
                </attributeDefinition>
                <attributeDefinition mgmtId="c14aac6cb216d710VgnVCM100000819da8c0____">
                    <name>TITLE-TUR-SPOTLIGHT-CONTENT</name>
                    <displayName>TITLE</displayName>
                    <columnSource>TUR_SPOTLIGHT_CONTENT.TITLE</columnSource>
                    <comment></comment>
                    <helpText></helpText>
                    <language></language>
                    <ordering>7</ordering>
                    <extensibleOrdinal>-1</extensibleOrdinal>
                    <dataTypeValue>1</dataTypeValue>
                    <required>false</required>
                    <autoGen>false</autoGen>
                    <workflowRequired>false</workflowRequired>
                    <key>false</key>
                    <searchable>false</searchable>
                    <summary>true</summary>
                    <visible>true</visible>
                    <defaultLabel>false</defaultLabel>
                    <orderBy>false</orderBy>
                    <attributeTypeValue>3</attributeTypeValue>
                    <widgetName>VCMTextWidget</widgetName>
                    <widgetData>
                        <![CDATA[
    <size>100</size>
    <maxlength>100</maxlength>
    <defaultValue><![CDATA[]]>
                        ]]
                        <![CDATA[></defaultValue>
]]>
                    </widgetData>
                    <referencedAttributeDefinitionName></referencedAttributeDefinitionName>
                    <beanPropertyName>TITLE_TUR_SPOTLIGHT_CONTENT</beanPropertyName>
                    <suppressBeanProperty>false</suppressBeanProperty>
                    <groupSplit>false</groupSplit>
                    <groupName></groupName>
                    <toolTip></toolTip>
                    <filterable>false</filterable>
                    <sharable>false</sharable>
                    <translatable>false</translatable>
                    <metaKey></metaKey>
                    <persistenceTypeValue>0</persistenceTypeValue>
                </attributeDefinition>
                <attributeDefinition mgmtId="f14aac6cb216d710VgnVCM100000819da8c0____">
                    <name>CONTENT-TUR-SPOTLIGHT-CONTENT</name>
                    <displayName>CONTENT</displayName>
                    <columnSource>TUR_SPOTLIGHT_CONTENT.CONTENT</columnSource>
                    <comment></comment>
                    <helpText></helpText>
                    <language></language>
                    <ordering>8</ordering>
                    <extensibleOrdinal>-1</extensibleOrdinal>
                    <dataTypeValue>1</dataTypeValue>
                    <required>false</required>
                    <autoGen>false</autoGen>
                    <workflowRequired>false</workflowRequired>
                    <key>false</key>
                    <searchable>false</searchable>
                    <summary>false</summary>
                    <visible>false</visible>
                    <defaultLabel>false</defaultLabel>
                    <orderBy>false</orderBy>
                    <attributeTypeValue>3</attributeTypeValue>
                    <widgetName>WCMCKEditorWidget</widgetName>
                    <widgetData>
                        <![CDATA[
    <validationType/>
    <itagpfxlinkpfxallowFiles>true</itagpfxlinkpfxallowFiles>
    <itagpfxlinkpfxuclkpfxunstructuredContentForm>VgnLinkDefinition</itagpfxlinkpfxuclkpfxunstructuredContentForm>
    <itagpfxmediapfxcsmdpfxdefaultProject/>
    <defaultValueExpr><![CDATA[{
	extraPlugins: &#39;inlinelinksmedia&#39;,
	toolbarGroups: [
				{ name:&#39;clipboard&#39;, groups:[ &#39;clipboard&#39;, &#39;undo&#39; ] },
				{ name:&#39;editing&#39;, groups:[ &#39;find&#39;, &#39;selection&#39;, &#39;editing&#39; ] },
				{ name:&#39;forms&#39;, groups:[ &#39;forms&#39; ] },
				{ name:&#39;links&#39;, groups:[ &#39;links&#39; ] },
				{ name:&#39;document&#39;, groups:[ &#39;mode&#39;, &#39;document&#39;, &#39;doctools&#39; ] },
				{ name:&#39;tools&#39;, groups:[ &#39;tools&#39; ] },
				&#39;/&#39;,
				{ name:&#39;basicstyles&#39;, groups:[ &#39;basicstyles&#39;, &#39;cleanup&#39; ] },
				{ name:&#39;paragraph&#39;, groups:[ &#39;list&#39;, &#39;indent&#39;, &#39;blocks&#39;, &#39;align&#39;, &#39;bidi&#39;, &#39;paragraph&#39; ] },
				&#39;/&#39;,
				{ name:&#39;styles&#39;, groups:[ &#39;styles&#39; ] },
				{ name:&#39;colors&#39;, groups:[ &#39;colors&#39; ] },
				{ name:&#39;others&#39;, groups:[ &#39;others&#39; ] },
				&#39;/&#39;,
				{ name:&#39;insert&#39;, groups:[ &#39;insert&#39; ] },
				{ name:&#39;about&#39;, groups:[ &#39;about&#39; ] }
			],
			removeButtons: &#39;Form,Checkbox,Radio,TextField,Textarea,Select,Button,ImageButton,HiddenField,Find,Replace,SelectAll,BidiLtr,BidiRtl,Language,CreateDiv,Flash,Smiley,Iframe,ShowBlocks,Save,NewPage,Print,Templates&#39;,
			removePlugins: &#39;flash, iframe, spellchecking&#39;
}]]>
                        ]]
                        <![CDATA[></defaultValueExpr>
    <authGroupsRW/>
    <itagpfxlinkpfxcsflpfxdataSetType>LARGE</itagpfxlinkpfxcsflpfxdataSetType>
    <itagpfxlinkpfxcsimpfxdefaultProject/>
    <itagpfxlinkpfxcsimpfxobjectType/>
    <itagpfxmediapfxallowMedia>true</itagpfxmediapfxallowMedia>
    <miscValue><![CDATA[]]>
                        ]]
                        <![CDATA[></miscValue>
    <authGroupsHidden/>
    <itagpfxlinkpfxcsimpfxallowCreation>true</itagpfxlinkpfxcsimpfxallowCreation>
    <authGroupsRO/>
    <itagpfxmediapfxcsmdpfxmanagedRef>Managed</itagpfxmediapfxcsmdpfxmanagedRef>
    <itagpfxlinkpfxcsimpfxdataSetType>LARGE</itagpfxlinkpfxcsimpfxdataSetType>
    <itagpfxlinkpfxcsflpfxdefaultProject/>
    <itagpfxlinkpfxcsflpfxincludeFile>on</itagpfxlinkpfxcsflpfxincludeFile>
    <itagpfxlinkpfxcsflpfxobjectType>STATICFILE00000000000000000000000000TYPE</itagpfxlinkpfxcsflpfxobjectType>
    <itagpfxmediapfxcsmdpfxobjectType>STATICFILE00000000000000000000000000TYPE</itagpfxmediapfxcsmdpfxobjectType>
    <failureMessageExpr><![CDATA[]]>
                        ]]
                        <![CDATA[></failureMessageExpr>
    <presentationConfigFile/>
    <itagpfxlinkpfxuclkpfxunstructuredContentTransformer>com.vignette.ext.link.transformer.ETLLinkTransformer</itagpfxlinkpfxuclkpfxunstructuredContentTransformer>
    <elHeight>500</elHeight>
    <itagpfxlinkpfxcsflpfxmanagedRef>Managed</itagpfxlinkpfxcsflpfxmanagedRef>
    <itagpfxlinkpfxcsflpfxdefaultProjectSelectionClass/>
    <elWidth>800</elWidth>
    <validationExpr><![CDATA[]]>
                        ]]
                        <![CDATA[></validationExpr>
    <itagpfxmediapfxucmdpfxunstructuredContentForm>VgnMediaDefinition</itagpfxmediapfxucmdpfxunstructuredContentForm>
    <referenceType>NO</referenceType>
    <itagpfxmediapfxcsmdpfxdefaultProjectSelectionType>1</itagpfxmediapfxcsmdpfxdefaultProjectSelectionType>
    <itagpfxlinkpfxcsimpfxmanagedRef>Managed</itagpfxlinkpfxcsimpfxmanagedRef>
    <inlineConfig>{
	allowedContent: true,
	extraPlugins: 'inlinelinksmedia',
	toolbarGroups: [
		{ name:'clipboard', groups:[ 'clipboard', 'undo' ] },
		{ name:'editing', groups:[ 'find', 'selection', 'editing' ] },
		{ name:'forms', groups:[ 'forms' ] },
		{ name:'links', groups:[ 'links' ] },
		{ name:'document', groups:[ 'mode', 'document', 'doctools' ] },
		{ name:'tools', groups:[ 'tools' ] },
		'/',
		{ name:'basicstyles', groups:[ 'basicstyles', 'cleanup' ] },
		{ name:'paragraph', groups:[ 'list', 'indent', 'blocks', 'align', 'bidi', 'paragraph' ] },
		'/',
		{ name:'styles', groups:[ 'styles' ] },
		{ name:'colors', groups:[ 'colors' ] },
		{ name:'others', groups:[ 'others' ] },
		'/',
		{ name:'insert', groups:[ 'insert' ] },
		{ name:'about', groups:[ 'about' ] }
	],
	removeButtons: 'Form,Checkbox,Radio,TextField,Textarea,Select,Button,ImageButton,HiddenField,Find,Replace,SelectAll,BidiLtr,BidiRtl,Language,CreateDiv,Flash,Smiley,Iframe,ShowBlocks,Save,NewPage,Print,Templates',
	removePlugins: 'flash, iframe, spellchecking, contextmenu, liststyle, tabletools, tableselection'
}</inlineConfig>
    <itagpfxmediapfxcsmdpfxincludeMedia>on</itagpfxmediapfxcsmdpfxincludeMedia>
    <itagpfxmediapfxucmdpfxunstructuredContentTransformer>com.vignette.ext.link.transformer.ETLMediaTransformer</itagpfxmediapfxucmdpfxunstructuredContentTransformer>
    <itagpfxlinkpfxcsimpfxdefaultProjectSelectionType>1</itagpfxlinkpfxcsimpfxdefaultProjectSelectionType>
    <configFile/>
    <itagpfxmediapfxcsmdpfxdefaultProjectSelectionClass/>
    <defaultValueType>NO</defaultValueType>
    <itagpfxmediapfxcsmdpfxallowCreation>true</itagpfxmediapfxcsmdpfxallowCreation>
    <referenceClass/>
    <itagpfxlinkpfxcsflpfxallowCreation>true</itagpfxlinkpfxcsflpfxallowCreation>
    <itagpfxlinkpfxcsimpfxdefaultProjectSelectionClass/>
    <itagpfxlinkpfxallowItems>true</itagpfxlinkpfxallowItems>
    <validationExprOther><![CDATA[]]>
                        ]]
                        <![CDATA[></validationExprOther>
    <itagpfxmediapfxcsmdpfxdataSetType>LARGE</itagpfxmediapfxcsmdpfxdataSetType>
    <failureMessageType/>
    <presentationInlineConfig>{
    allowedContent: true,
	toolbarGroups: [
		{ name:'clipboard', groups:[ 'undo', 'clipboard' ] },
	    { name: 'basicstyles', groups: [ 'basicstyles', 'cleanup' ] },
		{ name:'paragraph', groups:[ 'list', 'indent', 'align', 'bidi', 'paragraph' ] },
		{ name:'colors', groups:[ 'colors' ] },
		{ name: 'insert', groups: [ 'insert' ] },
		{ name: 'editing', groups: [ 'find', 'selection', 'spellchecker', 'editing' ] }
	],
	removeButtons: 'Form,Checkbox,Radio,TextField,Textarea,Select,Button,ImageButton,HiddenField,SelectAll,BidiLtr,BidiRtl,Language,CreateDiv,Flash,Smiley,Iframe,ShowBlocks,Save,NewPage,Print,Templates,Strike,Subscript,Superscript,Image,Flash,Table,Smiley,PageBreak,Iframe,Scayt,CopyFormatting',
	removePlugins: 'flash, iframe, spellchecking'
}
</presentationInlineConfig>
    <itagpfxlinkpfxcsflpfxdefaultProjectSelectionType>1</itagpfxlinkpfxcsflpfxdefaultProjectSelectionType>
]]>
                    </widgetData>
                    <referencedAttributeDefinitionName></referencedAttributeDefinitionName>
                    <beanPropertyName>CONTENT_TUR_SPOTLIGHT_CONTENT</beanPropertyName>
                    <suppressBeanProperty>false</suppressBeanProperty>
                    <groupSplit>false</groupSplit>
                    <groupName></groupName>
                    <toolTip></toolTip>
                    <filterable>false</filterable>
                    <sharable>false</sharable>
                    <translatable>false</translatable>
                    <metaKey></metaKey>
                    <persistenceTypeValue>0</persistenceTypeValue>
                </attributeDefinition>
                <attributeDefinition mgmtId="d14aac6cb216d710VgnVCM100000819da8c0____">
                    <name>LINK-TUR-SPOTLIGHT-CONTENT</name>
                    <displayName>LINK</displayName>
                    <columnSource>TUR_SPOTLIGHT_CONTENT.LINK</columnSource>
                    <comment></comment>
                    <helpText></helpText>
                    <language></language>
                    <ordering>9</ordering>
                    <extensibleOrdinal>-1</extensibleOrdinal>
                    <dataTypeValue>1</dataTypeValue>
                    <required>false</required>
                    <autoGen>false</autoGen>
                    <workflowRequired>false</workflowRequired>
                    <key>false</key>
                    <searchable>false</searchable>
                    <summary>false</summary>
                    <visible>false</visible>
                    <defaultLabel>false</defaultLabel>
                    <orderBy>false</orderBy>
                    <attributeTypeValue>3</attributeTypeValue>
                    <widgetName>VCMTextWidget</widgetName>
                    <widgetData>
                        <![CDATA[
    <size>100</size>
    <maxlength>255</maxlength>
    <defaultValue><![CDATA[]]>
                        ]]
                        <![CDATA[></defaultValue>
]]>
                    </widgetData>
                    <referencedAttributeDefinitionName></referencedAttributeDefinitionName>
                    <beanPropertyName>LINK_TUR_SPOTLIGHT_CONTENT</beanPropertyName>
                    <suppressBeanProperty>false</suppressBeanProperty>
                    <groupSplit>false</groupSplit>
                    <groupName></groupName>
                    <toolTip></toolTip>
                    <filterable>false</filterable>
                    <sharable>false</sharable>
                    <translatable>false</translatable>
                    <metaKey></metaKey>
                    <persistenceTypeValue>0</persistenceTypeValue>
                </attributeDefinition>
                <attributeDefinition mgmtId="513bac6cb216d710VgnVCM100000819da8c0____">
                    <name>SEQUENCE-NUM-TUR-SPOTLIGHT-CONTENT</name>
                    <displayName>SEQUENCE_NUM</displayName>
                    <columnSource>TUR_SPOTLIGHT_CONTENT.SEQUENCE_NUM</columnSource>
                    <comment></comment>
                    <helpText></helpText>
                    <language></language>
                    <ordering>10</ordering>
                    <extensibleOrdinal>-1</extensibleOrdinal>
                    <dataTypeValue>3</dataTypeValue>
                    <required>false</required>
                    <autoGen>false</autoGen>
                    <workflowRequired>false</workflowRequired>
                    <key>false</key>
                    <searchable>false</searchable>
                    <summary>false</summary>
                    <visible>false</visible>
                    <defaultLabel>false</defaultLabel>
                    <orderBy>false</orderBy>
                    <attributeTypeValue>3</attributeTypeValue>
                    <widgetName>VCMHiddenWidget</widgetName>
                    <widgetData>
                        <![CDATA[
    <defaultValue><![CDATA[]]>
                        ]]
                        <![CDATA[></defaultValue>
]]>
                    </widgetData>
                    <referencedAttributeDefinitionName></referencedAttributeDefinitionName>
                    <beanPropertyName>SEQUENCE_NUM_TUR_SPOTLIGHT_CONTENT</beanPropertyName>
                    <suppressBeanProperty>false</suppressBeanProperty>
                    <groupSplit>false</groupSplit>
                    <groupName></groupName>
                    <toolTip></toolTip>
                    <filterable>false</filterable>
                    <sharable>false</sharable>
                    <translatable>false</translatable>
                    <metaKey></metaKey>
                    <persistenceTypeValue>0</persistenceTypeValue>
                </attributeDefinition>
            </relation>
            <fileXSDRef></fileXSDRef>
            <pageRef></pageRef>
            <beanClassName>com.cust.contentbean.TUR_SPOTLIGHT</beanClassName>
            <adhocReferences>
                <adhocReference>
                    <referenceName>al_CONTENT-TUR-SPOTLIGHT-CONTENT</referenceName>
                    <referentId>e118cb8c5fdea210VgnVCM1000006450140aRCRD</referentId>
                    <metadata>
                        <![CDATA[WCMCKEditorWidget]]>
                    </metadata>
                </adhocReference>
                <adhocReference>
                    <referenceName>al_CONTENT-TUR-SPOTLIGHT-CONTENT</referenceName>
                    <referentId>63584b337a4f8210VgnVCM1000006450140aRCRD</referentId>
                    <metadata>
                        <![CDATA[WCMCKEditorWidget]]>
                    </metadata>
                </adhocReference>
            </adhocReferences>
            <acl>
                <entry name="vgnadmin@otds.admin" type="user">
                    <grants>
                        <capability application="VCM" name="SECURITY_WRITE" />
                        <capability application="VCM" name="CONTENT_TYPE_WRITE" />
                        <capability application="VCM" name="MODIFY" />
                        <capability application="VCM" name="MODIFY_TAX_ASSOCS" />
                        <capability application="VCM" name="DEPLOY_AND_UNDEPLOY" />
                        <capability application="VCM" name="OBJECT_TYPE_DELETE" />
                        <capability application="VCM" name="MODIFY_ACL" />
                        <capability application="VCM" name="OBJECT_TYPE_WRITE" />
                        <capability application="VCM" name="SECURITY_READ" />
                        <capability application="VCM" name="CONTENT_TYPE_DELETE" />
                        <capability application="VCM" name="DELETE" />
                        <capability application="VCM" name="OBJECT_TYPE_READ" />
                        <capability application="VCM" name="CONTENT_TYPE_READ" />
                        <capability application="VCM" name="PROMOTE_AND_DEMOTE" />
                        <capability application="AUTH" name="MANAGE_CAPABILITIES" />
                        <capability application="VCM" name="WORKFLOW_DEF_READ" />
                    </grants>
                </entry>
            </acl>
        </contentType>
    </importContentType>
</packageBody>